Built,n,prop
4.0.0,765,0.9444444444444444
4.0.1,45,0.05555555555555555
