Built,n,prop
4.0.0,518,0.6278787878787879
4.0.1,30,0.03636363636363636
4.0.2,277,0.33575757575757575
