Built,n,prop
3.6.0,708,0.9042145593869731
3.6.1,29,0.037037037037037035
3.6.3,46,0.05874840357598978
